------------ Admins ------------
insert into public.usuario_entity (id, cedula, nombre, "correoElectronico", contrasenia, foto, direccion, celular, "tipoUsuario", "aniosExperiencia", roles) values ('7d70b837-f9ed-4950-a0d4-55d8d615fe29', '50635706', 'Lorilyn Bernon', 'lorilyn@gmail.com', 'lorilyn123', 'https://media.discordapp.net/attachments/1114312197514985542/1114314836663357504/image.png?width=625&height=625', '236 Eagle Crest Junction', '30216028', 'canguro', 2, '{admin}');
insert into public.usuario_entity (id, cedula, nombre, "correoElectronico", contrasenia, foto, direccion, celular, "tipoUsuario", "aniosExperiencia", roles) values ('449f756d-475f-4366-8112-68f09cb44813', '139148923', 'Samuel Ducker', 'samuel@gmail.com', 'samuel123', 'https://media.discordapp.net/attachments/1114312197514985542/1114314555489796126/image.png', '52397 Saint Paul Way', '30060278', 'acudiente', 0, '{admin}');

------------ Usuarios Generales ------------
--Acudientes
insert into public.usuario_entity (id, cedula, nombre, "correoElectronico", contrasenia, foto, direccion, celular, "tipoUsuario", "aniosExperiencia", roles) values ('db62686b-8bd0-4ede-a398-4eb240f161b5', '19445675', 'Carlos Perez', 'carlos@hotmail.com', 'carlos123', 'https://media.discordapp.net/attachments/1114312197514985542/1114312396249510048/image.png', '58 Hanson Plaza', '30185381', 'acudiente', 3, '{registeredUser}');
insert into public.usuario_entity (id, cedula, nombre, "correoElectronico", contrasenia, foto, direccion, celular, "tipoUsuario", "aniosExperiencia", roles) values ('4a61e295-a9e6-4ae2-9c69-8cc6398ca89b', '87941598', 'Julio Kedwell', 'julio@yahoo.com', 'julio123', 'https://media.discordapp.net/attachments/1114312197514985542/1114312323453173770/image.png', '88652 Commercial Parkway', '30231309', 'acudiente', 2, '{registeredUser}');
insert into public.usuario_entity (id, cedula, nombre, "correoElectronico", contrasenia, foto, direccion, celular, "tipoUsuario", "aniosExperiencia", roles) values ('8f41461f-a6d3-4fcd-87da-e9a7d38b3e62', '167986046', 'Yolanda Ganforth', 'yolanda@gmail.com', 'yolanda123', 'https://media.discordapp.net/attachments/1114312197514985542/1114314923846144131/image.png?width=625&height=625', '99376 Mcbride Road', '30051719', 'acudiente', 3, '{registeredUser}');
insert into public.usuario_entity (id, cedula, nombre, "correoElectronico", contrasenia, foto, direccion, celular, "tipoUsuario", "aniosExperiencia", roles) values ('d005595b-999b-4afa-9f5c-544fde74c190', '72304353', 'Jarrod Battabee', 'jarrod@hotmail.com', 'jarrod123', 'https://media.discordapp.net/attachments/1114312197514985542/1114313433303744623/image.png', '01 Bobwhite Court', '30213646', 'acudiente', 2, '{registeredUser}');
insert into public.usuario_entity (id, cedula, nombre, "correoElectronico", contrasenia, foto, direccion, celular, "tipoUsuario", "aniosExperiencia", roles) values ('69c57272-ec4f-4006-b67e-79d81db14395', '59333804', 'Sara Kibbey', 'sara@yahoo.com', 'sara123', 'https://media.discordapp.net/attachments/1114312197514985542/1114314987083681822/image.png?width=625&height=625', '2 Transport Junction', '30145339', 'acudiente', 0, '{registeredUser}');
insert into public.usuario_entity (id, cedula, nombre, "correoElectronico", contrasenia, foto, direccion, celular, "tipoUsuario", "aniosExperiencia", roles) values ('a4f50176-d6a6-4c49-8d53-9720c0b02635', '119924645', 'Olga Trappe', 'olga@yahoo.com', 'olga123', 'https://media.discordapp.net/attachments/1114312197514985542/1114315203375550566/image.png?width=625&height=625', '2230 Boyd Pass', '30027599', 'acudiente', 3, '{registeredUser}');
--Canguros
insert into public.usuario_entity (id, cedula, nombre, "correoElectronico", contrasenia, foto, direccion, celular, "tipoUsuario", "aniosExperiencia", roles) values ('ad9f0c0c-d37c-4daa-a998-c66a5e5dc056', '53252354', 'Paola Ramirez', 'paola@gmail.com', 'paola123', 'https://media.discordapp.net/attachments/1114312197514985542/1114315310368047136/image.png?width=625&height=625', '3813 Spaight Junction', '30203769', 'canguro', 3, '{registeredUser}');
insert into public.usuario_entity (id, cedula, nombre, "correoElectronico", contrasenia, foto, direccion, celular, "tipoUsuario", "aniosExperiencia", roles) values ('c4c561f6-d471-4c3b-b1d6-22cb07bb15ff', '159697717', 'Jane Saberton', 'jane@gmail.com', 'jane123', 'https://media.discordapp.net/attachments/1114312197514985542/1114315056516190238/image.png?width=625&height=625', '8 Forest Run Point', '30289162', 'canguro', 2, '{registeredUser}');
insert into public.usuario_entity (id, cedula, nombre, "correoElectronico", contrasenia, foto, direccion, celular, "tipoUsuario", "aniosExperiencia", roles) values ('165de994-fdc6-4a9f-bbd6-7b012a19bc48', '34851040', 'Peter Ander', 'peter@gmail.com', 'peter123', 'https://media.discordapp.net/attachments/1114312197514985542/1114313531278491828/image.png', '50633 Sherman Pass', '30262340', 'canguro', 0, '{registeredUser}');
insert into public.usuario_entity (id, cedula, nombre, "correoElectronico", contrasenia, foto, direccion, celular, "tipoUsuario", "aniosExperiencia", roles) values ('68b9a0ad-4088-4bdc-841f-2f9643fb4358', '139271319', 'Danna Gellately', 'danna@yahoo.com', 'danna123', 'https://media.discordapp.net/attachments/1114312197514985542/1114315427422683297/image.png?width=625&height=625', '17380 Brickson Park Center', '30075018', 'canguro', 1, '{registeredUser}');
insert into public.usuario_entity (id, cedula, nombre, "correoElectronico", contrasenia, foto, direccion, celular, "tipoUsuario", "aniosExperiencia", roles) values ('f1917995-3771-463b-b1f8-1f0d94fda0b2', '44921721', 'Steven Simms', 'steven@gmail.com', 'steven123', 'https://media.discordapp.net/attachments/1114312197514985542/1114313678905430158/image.png', '6001 Dryden Court', '30152614', 'canguro', 3, '{registeredUser}');
--Ambos
insert into public.usuario_entity (id, cedula, nombre, "correoElectronico", contrasenia, foto, direccion, celular, "tipoUsuario", "aniosExperiencia", roles) values ('650c8759-ad86-48e9-ae81-05a2aa42f6f1', '198759426', 'Andrea Robjohns', 'andrea@hotmail.com', 'andrea123', 'https://media.discordapp.net/attachments/1114312197514985542/1114315684772577370/image.png?width=625&height=625', '1001 Buhler Park', '30032852', 'ambos', 0, '{registeredUser}');
insert into public.usuario_entity (id, cedula, nombre, "correoElectronico", contrasenia, foto, direccion, celular, "tipoUsuario", "aniosExperiencia", roles) values ('088d620e-eec5-4c15-8ba1-154ef4a1c5ed', '71232373', 'Mirilla Hamber', 'mirilla@hotmail.com', 'mirilla123', 'https://media.discordapp.net/attachments/1114312197514985542/1114315497115226153/image.png?width=625&height=625', '4 Kropf Way', '30058936', 'ambos', 1, '{registeredUser}');

------------ Resenias ------------
--Hacia Canguro
INSERT INTO public.resenia_entity (id, titulo, calificacion, descripcion, "receptorId", "autorId") VALUES ('4e8b98d0-8a3f-4a5b-a455-2837b8c95261', 'Excelente servicio', 5, 'Estoy muy satisfecho con el servicio brindado por esta niñera.', 'ad9f0c0c-d37c-4daa-a998-c66a5e5dc056', 'db62686b-8bd0-4ede-a398-4eb240f161b5');
INSERT INTO public.resenia_entity (id, titulo, calificacion, descripcion, "receptorId", "autorId") VALUES ('fe5f1198-3c9f-40cc-8763-8416a2f735ed', 'Buena atención', 4, 'La niñera fue atenta y cuidadosa con mis hijos durante toda la tarde.', 'c4c561f6-d471-4c3b-b1d6-22cb07bb15ff', '8f41461f-a6d3-4fcd-87da-e9a7d38b3e62');
INSERT INTO public.resenia_entity (id, titulo, calificacion, descripcion, "receptorId", "autorId") VALUES ('c729d662-af45-4b62-9a5f-8ce70e60785f', 'Buen servicio', 4, 'La niñera demostró profesionalismo y habilidades para el cuidado de mis hijos.', 'ad9f0c0c-d37c-4daa-a998-c66a5e5dc056', 'db62686b-8bd0-4ede-a398-4eb240f161b5');
INSERT INTO public.resenia_entity (id, titulo, calificacion, descripcion, "receptorId", "autorId") VALUES ('ecbcbf5e-29b1-47c7-9c79-cb51f0a1e0a0', 'Recomendada totalmente', 5, 'Esta niñera es muy confiable y responsable, la recomendaría sin dudarlo.', 'ad9f0c0c-d37c-4daa-a998-c66a5e5dc056', '4a61e295-a9e6-4ae2-9c69-8cc6398ca89b');
INSERT INTO public.resenia_entity (id, titulo, calificacion, descripcion, "receptorId", "autorId") VALUES ('815c16b2-49a1-4d1c-a94b-40b8a2c9b80b', 'Buen trabajo realizado', 4, 'La niñera realizó un excelente trabajo cuidando de mis hijos mientras yo estaba fuera.', 'f1917995-3771-463b-b1f8-1f0d94fda0b2', 'db62686b-8bd0-4ede-a398-4eb240f161b5');
INSERT INTO public.resenia_entity (id, titulo, calificacion, descripcion, "receptorId", "autorId") VALUES ('d39b0e14-9866-44a2-8c0b-8c1f8e2a64b5', 'Necesita mejorar', 2, 'La niñera no cumplió con todas las expectativas y hubo algunas áreas en las que necesita mejorar.', 'c4c561f6-d471-4c3b-b1d6-22cb07bb15ff', '8f41461f-a6d3-4fcd-87da-e9a7d38b3e62');
INSERT INTO public.resenia_entity (id, titulo, calificacion, descripcion, "receptorId", "autorId") VALUES ('343b6196-34f4-4f7b-9922-4c4ff0a4a252', 'Muy amable', 3, 'La niñera fue amable, pero hubo momentos en los que parecía distraída y no prestó toda la atención necesaria.', '165de994-fdc6-4a9f-bbd6-7b012a19bc48', 'db62686b-8bd0-4ede-a398-4eb240f161b5');
INSERT INTO public.resenia_entity (id, titulo, calificacion, descripcion, "receptorId", "autorId") VALUES ('77b13f33-8700-4bde-9474-34858306b22a', 'Experiencia negativa', 1, 'Lamentablemente, tuve una mala experiencia con esta niñera, no la recomendaría.', '68b9a0ad-4088-4bdc-841f-2f9643fb4358', '4a61e295-a9e6-4ae2-9c69-8cc6398ca89b');
INSERT INTO public.resenia_entity (id, titulo, calificacion, descripcion, "receptorId", "autorId") VALUES ('6f4e1a57-39a5-41e9-a925-9277d3342d7f', 'Muy profesional', 5, 'La niñera mostró un alto nivel de profesionalismo y cuidó de mis hijos de manera excelente.', '68b9a0ad-4088-4bdc-841f-2f9643fb4358', 'db62686b-8bd0-4ede-a398-4eb240f161b5');
INSERT INTO public.resenia_entity (id, titulo, calificacion, descripcion, "receptorId", "autorId") VALUES ('dc47f8e4-0b17-413c-97b0-689b6a5c9380', 'No fue lo esperado', 2, 'La niñera no cumplió con las expectativas y hubo algunas situaciones incómodas durante el cuidado de mis hijos.', '088d620e-eec5-4c15-8ba1-154ef4a1c5ed', 'd005595b-999b-4afa-9f5c-544fde74c190');
INSERT INTO public.resenia_entity (id, titulo, calificacion, descripcion, "receptorId", "autorId") VALUES ('935ee22c-7d25-4784-8839-894f65f84d3a', 'Gran apoyo', 4, 'La niñera fue un gran apoyo para mí y mis hijos durante un momento difícil. Estoy agradecido por su dedicación.', '165de994-fdc6-4a9f-bbd6-7b012a19bc48', 'd005595b-999b-4afa-9f5c-544fde74c190');
INSERT INTO public.resenia_entity (id, titulo, calificacion, descripcion, "receptorId", "autorId") VALUES ('4e6b0fc1-d2e4-4b3d-aab9-3e4bc8fb8455', 'Cuidado deficiente', 1, 'Lamentablemente, la niñera no brindó el cuidado adecuado y hubo situaciones peligrosas durante su tiempo con mis hijos.', '088d620e-eec5-4c15-8ba1-154ef4a1c5ed', '69c57272-ec4f-4006-b67e-79d81db14395');
INSERT INTO public.resenia_entity (id, titulo, calificacion, descripcion, "receptorId", "autorId") VALUES ('62c5d7f7-363f-45f0-ae1e-d218cc74763a', 'Altamente recomendada', 5, 'Esta niñera es altamente recomendada. Demostró ser responsable, amable y confiable.', '68b9a0ad-4088-4bdc-841f-2f9643fb4358', '69c57272-ec4f-4006-b67e-79d81db14395');
INSERT INTO public.resenia_entity (id, titulo, calificacion, descripcion, "receptorId", "autorId") VALUES ('97ab6c23-8e4e-442e-852d-60e9e6611cc9', 'Podría mejorar', 3, 'La niñera fue decente en general, pero hubo algunas áreas en las que podría mejorar su desempeño.', 'f1917995-3771-463b-b1f8-1f0d94fda0b2', '69c57272-ec4f-4006-b67e-79d81db14395');
INSERT INTO public.resenia_entity (id, titulo, calificacion, descripcion, "receptorId", "autorId") VALUES ('1a4c8696-8b08-44a5-a633-bdfba8d25743', 'Buen cuidado', 4, 'La niñera cuidó de mis hijos de manera adecuada y se aseguró de que estuvieran seguros y cómodos.', '650c8759-ad86-48e9-ae81-05a2aa42f6f1', '69c57272-ec4f-4006-b67e-79d81db14395');
--Hacia Acudiente
INSERT INTO public.resenia_entity (id, titulo, calificacion, descripcion, "receptorId", "autorId") VALUES ('2bebf2bb-7132-47b5-bf14-6c847ff4a6b5', 'Padre/madre responsable', 5, 'El padre/madre de este niño demostró ser extremadamente responsable y comprometido con el cuidado de su hijo.', 'a4f50176-d6a6-4c49-8d53-9720c0b02635', 'ad9f0c0c-d37c-4daa-a998-c66a5e5dc056');
INSERT INTO public.resenia_entity (id, titulo, calificacion, descripcion, "receptorId", "autorId") VALUES ('1c321611-1f88-4b63-bd9c-17923dd4c319', 'Acudiente atento', 4, 'Este acudiente estuvo muy atento a las necesidades de su hijo y proporcionó todas las instrucciones necesarias para su cuidado.', '4a61e295-a9e6-4ae2-9c69-8cc6398ca89b', 'c4c561f6-d471-4c3b-b1d6-22cb07bb15ff');
INSERT INTO public.resenia_entity (id, titulo, calificacion, descripcion, "receptorId", "autorId") VALUES ('c53302bb-d37a-4fe0-9a83-260c53231cc1', 'Excelente comunicación con el acudiente', 4, 'El acudiente de este niño mantuvo una comunicación abierta y clara en todo momento, lo cual facilitó mi labor como niñera.', '4a61e295-a9e6-4ae2-9c69-8cc6398ca89b', 'c4c561f6-d471-4c3b-b1d6-22cb07bb15ff');
INSERT INTO public.resenia_entity (id, titulo, calificacion, descripcion, "receptorId", "autorId") VALUES ('56e7b8d5-b521-4196-9ed5-7dcf7aa58091', 'Acudiente confiable', 5, 'Este acudiente demostró ser una persona confiable y segura en el cuidado de su hijo. Tuve plena confianza en dejar al niño bajo su responsabilidad.', '4a61e295-a9e6-4ae2-9c69-8cc6398ca89b', 'ad9f0c0c-d37c-4daa-a998-c66a5e5dc056');
INSERT INTO public.resenia_entity (id, titulo, calificacion, descripcion, "receptorId", "autorId") VALUES ('3020a75f-b066-4254-a401-46ab0a206b09', 'Gratitud hacia el acudiente', 4, 'Estoy muy agradecido(a) con el acudiente de este niño por su apoyo y confianza en mi labor como niñera.', 'a4f50176-d6a6-4c49-8d53-9720c0b02635', 'c4c561f6-d471-4c3b-b1d6-22cb07bb15ff');
INSERT INTO public.resenia_entity (id, titulo, calificacion, descripcion, "receptorId", "autorId") VALUES ('d1ce5b6a-cb61-4ac8-b959-e9abef0d6367', 'Excelente coordinación con el acudiente', 2, 'La coordinación con el acudiente de este niño fue deficiente, lo que dificultó el cuidado adecuado y la comunicación.', 'd005595b-999b-4afa-9f5c-544fde74c190', 'ad9f0c0c-d37c-4daa-a998-c66a5e5dc056');
INSERT INTO public.resenia_entity (id, titulo, calificacion, descripcion, "receptorId", "autorId") VALUES ('83755084-a194-4d43-ac49-558d9b6bd585', 'Acudiente colaborativo', 4, 'El acudiente de este niño fue colaborativo y estuvo dispuesto a trabajar en equipo para garantizar el bienestar del niño.', 'a4f50176-d6a6-4c49-8d53-9720c0b02635', 'ad9f0c0c-d37c-4daa-a998-c66a5e5dc056');
INSERT INTO public.resenia_entity (id, titulo, calificacion, descripcion, "receptorId", "autorId") VALUES ('33f632de-8127-4b29-af5c-ec218ee8d6eb', 'Acudiente comprometido', 5, 'El acudiente de este niño mostró un gran compromiso y dedicación en el cuidado y educación del niño.', '8f41461f-a6d3-4fcd-87da-e9a7d38b3e62', 'ad9f0c0c-d37c-4daa-a998-c66a5e5dc056');
INSERT INTO public.resenia_entity (id, titulo, calificacion, descripcion, "receptorId", "autorId") VALUES ('733b1989-d453-4dac-9c14-6b85748dab44', 'Buen trato por parte del acudiente', 5, 'El acudiente de este niño trató siempre con amabilidad y respeto a la niñera y se preocupó por el bienestar del niño.', '69c57272-ec4f-4006-b67e-79d81db14395', '165de994-fdc6-4a9f-bbd6-7b012a19bc48');
INSERT INTO public.resenia_entity (id, titulo, calificacion, descripcion, "receptorId", "autorId") VALUES ('7c876ce9-6297-444a-ba54-afd6e6c8aa6d', 'Falta de compromiso del acudiente', 2, 'El acudiente de este niño mostró falta de compromiso en el cuidado y seguimiento del niño, lo cual afectó negativamente mi labor como niñera.', 'd005595b-999b-4afa-9f5c-544fde74c190', '165de994-fdc6-4a9f-bbd6-7b012a19bc48');
INSERT INTO public.resenia_entity (id, titulo, calificacion, descripcion, "receptorId", "autorId") VALUES ('1e84c286-308a-434f-bfe8-423fcc9f53ae', 'Padre/madre colaborador(a)', 4, 'El padre/madre de este niño fue colaborador(a) y se aseguró de proporcionar todas las indicaciones necesarias para el cuidado del niño.', 'd005595b-999b-4afa-9f5c-544fde74c190', 'f1917995-3771-463b-b1f8-1f0d94fda0b2');
INSERT INTO public.resenia_entity (id, titulo, calificacion, descripcion, "receptorId", "autorId") VALUES ('438ff4ef-efe0-4ebd-bd54-04de54d9b09c', 'Poca comunicación con el acudiente', 1, 'La comunicación con el acudiente de este niño fue insuficiente, lo que dificultó el cuidado adecuado del niño.', '8f41461f-a6d3-4fcd-87da-e9a7d38b3e62', 'f1917995-3771-463b-b1f8-1f0d94fda0b2');
INSERT INTO public.resenia_entity (id, titulo, calificacion, descripcion, "receptorId", "autorId") VALUES ('e9d3073b-7e97-474b-926a-71a2a16e9527', 'Acudiente altamente recomendado', 5, 'Recomendaría altamente a este acudiente. Demostró ser confiable, responsable y comprometido con el bienestar de su hijo.', '8f41461f-a6d3-4fcd-87da-e9a7d38b3e62', 'f1917995-3771-463b-b1f8-1f0d94fda0b2');
INSERT INTO public.resenia_entity (id, titulo, calificacion, descripcion, "receptorId", "autorId") VALUES ('08df15fb-d2bc-4e11-b12b-d92c5f072a4b', 'Buen desempeño por parte del acudiente', 4, 'El acudiente de este niño tuvo un buen desempeño en el cuidado y atención del niño.', '69c57272-ec4f-4006-b67e-79d81db14395', '088d620e-eec5-4c15-8ba1-154ef4a1c5ed');
INSERT INTO public.resenia_entity (id, titulo, calificacion, descripcion, "receptorId", "autorId") VALUES ('f88f4650-85e4-4dc7-8c5e-cd365b872f60', 'Acudiente con actitud positiva', 4, 'El acudiente de este niño siempre mantuvo una actitud positiva y cooperativa en el cuidado del niño.', '69c57272-ec4f-4006-b67e-79d81db14395', '088d620e-eec5-4c15-8ba1-154ef4a1c5ed');
INSERT INTO public.resenia_entity (id, titulo, calificacion, descripcion, "receptorId", "autorId") VALUES ('c87c049e-1a3f-449d-a3d7-52514300d41b', 'Acudiente poco comprometido', 2, 'El acudiente de este niño mostró poco compromiso en el cuidado y atención del niño, lo cual afectó mi labor como niñera.', '8f41461f-a6d3-4fcd-87da-e9a7d38b3e62', '650c8759-ad86-48e9-ae81-05a2aa42f6f1');
INSERT INTO public.resenia_entity (id, titulo, calificacion, descripcion, "receptorId", "autorId") VALUES ('c32ad31e-ba81-4e18-82dc-c9c41aeb7391', 'Buena relación con el acudiente', 4, 'Tuve una buena relación con el acudiente de este niño, lo cual contribuyó a un ambiente armonioso y de confianza en el cuidado del niño.', '8f41461f-a6d3-4fcd-87da-e9a7d38b3e62', '650c8759-ad86-48e9-ae81-05a2aa42f6f1');

------------ Ofertas ------------
insert into public.oferta_entity (id, precio, disponible, "tipoOferta", "fechaInicio", "fechaFin", "usuarioId") values ('683079e7-8434-46ef-8774-e90671700cb4', 69858, true, 'canguro', '2023-03-15', '2023-04-08', '650c8759-ad86-48e9-ae81-05a2aa42f6f1');
insert into public.oferta_entity (id, precio, disponible, "tipoOferta", "fechaInicio", "fechaFin", "usuarioId") values ('b535d021-c771-4ab9-8785-a6732077cc73', 189859, false, 'canguro', '2023-01-30', '2023-05-16', '650c8759-ad86-48e9-ae81-05a2aa42f6f1');
insert into public.oferta_entity (id, precio, disponible, "tipoOferta", "fechaInicio", "fechaFin", "usuarioId") values ('404e9e86-53f8-4497-b344-49bb10d05e93', 145691, false, 'acudiente', '2023-01-23', '2023-04-30', '088d620e-eec5-4c15-8ba1-154ef4a1c5ed');
insert into public.oferta_entity (id, precio, disponible, "tipoOferta", "fechaInicio", "fechaFin", "usuarioId") values ('9a5cb8da-8f63-4524-b9bd-e0b4115db85f', 197173, true, 'acudiente', '2023-01-14', '2023-05-14', '088d620e-eec5-4c15-8ba1-154ef4a1c5ed');
insert into public.oferta_entity (id, precio, disponible, "tipoOferta", "fechaInicio", "fechaFin", "usuarioId") values ('525d8190-e1ea-47bf-a864-c54720055a7d', 180369, false, 'canguro', '2023-01-10', '2023-04-29', 'ad9f0c0c-d37c-4daa-a998-c66a5e5dc056');
insert into public.oferta_entity (id, precio, disponible, "tipoOferta", "fechaInicio", "fechaFin", "usuarioId") values ('2c532056-ed4f-480e-aca2-0c8be66424ac', 178499, false, 'canguro', '2023-03-14', '2023-05-23', 'ad9f0c0c-d37c-4daa-a998-c66a5e5dc056');
insert into public.oferta_entity (id, precio, disponible, "tipoOferta", "fechaInicio", "fechaFin", "usuarioId") values ('b132f638-3a48-4b90-9a9d-355719c85715', 71571, true, 'acudiente', '2023-02-13', '2023-05-08', 'db62686b-8bd0-4ede-a398-4eb240f161b5');
insert into public.oferta_entity (id, precio, disponible, "tipoOferta", "fechaInicio", "fechaFin", "usuarioId") values ('15600b9a-e66c-4ef1-8ee2-712fc01f0d81', 188078, true, 'canguro', '2023-02-11', '2023-04-06', 'db62686b-8bd0-4ede-a398-4eb240f161b5');
insert into public.oferta_entity (id, precio, disponible, "tipoOferta", "fechaInicio", "fechaFin", "usuarioId") values ('4009955e-13f5-4b84-b739-8a090f88acdf', 197627, false, 'acudiente', '2023-01-07', '2023-05-25', 'd005595b-999b-4afa-9f5c-544fde74c190');
insert into public.oferta_entity (id, precio, disponible, "tipoOferta", "fechaInicio", "fechaFin", "usuarioId") values ('9199b40f-1136-4b03-b046-ea332a521224', 180009, false, 'canguro', '2023-01-24', '2023-05-01', 'd005595b-999b-4afa-9f5c-544fde74c190');
insert into public.oferta_entity (id, precio, disponible, "tipoOferta", "fechaInicio", "fechaFin", "usuarioId") values ('d1195766-671c-4c25-b5bb-194e245f8ee5', 50601, false, 'canguro', '2023-03-21', '2023-05-23', '69c57272-ec4f-4006-b67e-79d81db14395');
insert into public.oferta_entity (id, precio, disponible, "tipoOferta", "fechaInicio", "fechaFin", "usuarioId") values ('39397b84-47d3-4ed8-aee6-5737152b8fa9', 150461, true, 'canguro', '2023-03-13', '2023-06-03', '69c57272-ec4f-4006-b67e-79d81db14395');
insert into public.oferta_entity (id, precio, disponible, "tipoOferta", "fechaInicio", "fechaFin", "usuarioId") values ('bd4c7471-a99f-4b7d-8ca0-16c4a12a1c97', 149535, false, 'acudiente', '2023-01-05', '2023-05-30', '8f41461f-a6d3-4fcd-87da-e9a7d38b3e62');
insert into public.oferta_entity (id, precio, disponible, "tipoOferta", "fechaInicio", "fechaFin", "usuarioId") values ('9d9bd1cf-927c-464e-9d15-464e255cd83f', 192948, false, 'canguro', '2023-02-04', '2023-04-12', '8f41461f-a6d3-4fcd-87da-e9a7d38b3e62');
insert into public.oferta_entity (id, precio, disponible, "tipoOferta", "fechaInicio", "fechaFin", "usuarioId") values ('7781dced-51bc-47b4-9c95-8da06ee95eac', 120928, true, 'acudiente', '2023-02-22', '2023-05-01', 'f1917995-3771-463b-b1f8-1f0d94fda0b2');
insert into public.oferta_entity (id, precio, disponible, "tipoOferta", "fechaInicio", "fechaFin", "usuarioId") values ('181f8346-33eb-4428-b1a8-b00bc6200f83', 52882, true, 'acudiente', '2023-01-29', '2023-06-05', 'f1917995-3771-463b-b1f8-1f0d94fda0b2');
insert into public.oferta_entity (id, precio, disponible, "tipoOferta", "fechaInicio", "fechaFin", "usuarioId") values ('54f19478-cf17-4556-8923-35a56a81de3e', 93115, false, 'acudiente', '2023-02-20', '2023-04-26', 'c4c561f6-d471-4c3b-b1d6-22cb07bb15ff');
insert into public.oferta_entity (id, precio, disponible, "tipoOferta", "fechaInicio", "fechaFin", "usuarioId") values ('69ce9d9e-7a00-4628-9ec8-84ec3db96264', 168512, true, 'canguro', '2023-01-06', '2023-05-20', 'c4c561f6-d471-4c3b-b1d6-22cb07bb15ff');
insert into public.oferta_entity (id, precio, disponible, "tipoOferta", "fechaInicio", "fechaFin", "usuarioId") values ('ea892f71-8d27-4ac2-8cdf-32f08551c64b', 160401, true, 'canguro', '2023-03-27', '2023-05-15', '68b9a0ad-4088-4bdc-841f-2f9643fb4358');
insert into public.oferta_entity (id, precio, disponible, "tipoOferta", "fechaInicio", "fechaFin", "usuarioId") values ('10e41fdf-57f0-4ab4-ac3a-2e39fde2da9c', 128476, false, 'acudiente', '2023-03-01', '2023-05-21', '68b9a0ad-4088-4bdc-841f-2f9643fb4358');

------------ Contratos ------------
insert into public.contrato_entity (id, fecha, "ofertaId", "usuarioId") values ('0186108a-9d6c-47f7-8063-dbbaefbca82b', '2022-07-05', '683079e7-8434-46ef-8774-e90671700cb4', 'db62686b-8bd0-4ede-a398-4eb240f161b5');
insert into public.contrato_entity (id, fecha, "ofertaId", "usuarioId") values ('d141cbc9-ac0c-4e06-9619-cc960dc951f2', '2022-06-29', '404e9e86-53f8-4497-b344-49bb10d05e93', 'c4c561f6-d471-4c3b-b1d6-22cb07bb15ff');
insert into public.contrato_entity (id, fecha, "ofertaId", "usuarioId") values ('3f103645-0831-494a-9b5d-913db8502610', '2022-10-24', 'b132f638-3a48-4b90-9a9d-355719c85715', 'f1917995-3771-463b-b1f8-1f0d94fda0b2');
insert into public.contrato_entity (id, fecha, "ofertaId", "usuarioId") values ('3c17a996-c9b1-443f-b1c0-c1d81fb6e91e', '2022-06-12', 'ea892f71-8d27-4ac2-8cdf-32f08551c64b', '8f41461f-a6d3-4fcd-87da-e9a7d38b3e62');
insert into public.contrato_entity (id, fecha, "ofertaId", "usuarioId") values ('1c63558c-4247-4c69-b777-7dda53ad39a1', '2023-04-01', '7781dced-51bc-47b4-9c95-8da06ee95eac', '165de994-fdc6-4a9f-bbd6-7b012a19bc48');
insert into public.contrato_entity (id, fecha, "ofertaId", "usuarioId") values ('5153825c-bea8-4c49-a967-c7dede608b17', '2022-07-14', '9d9bd1cf-927c-464e-9d15-464e255cd83f', 'd005595b-999b-4afa-9f5c-544fde74c190');
insert into public.contrato_entity (id, fecha, "ofertaId", "usuarioId") values ('917c6830-88c9-4623-93fc-1c3caf4e3aaa', '2022-12-10', 'd1195766-671c-4c25-b5bb-194e245f8ee5', 'a4f50176-d6a6-4c49-8d53-9720c0b02635');
insert into public.contrato_entity (id, fecha, "ofertaId", "usuarioId") values ('4c2c8ac2-a0a7-40cb-acd7-bf9c44ef9f65', '2022-12-16', 'bd4c7471-a99f-4b7d-8ca0-16c4a12a1c97', '088d620e-eec5-4c15-8ba1-154ef4a1c5ed');
insert into public.contrato_entity (id, fecha, "ofertaId", "usuarioId") values ('9e4c5dc3-9b23-4b59-9d29-211a792d45a9', '2022-11-27', '9199b40f-1136-4b03-b046-ea332a521224', 'db62686b-8bd0-4ede-a398-4eb240f161b5');
insert into public.contrato_entity (id, fecha, "ofertaId", "usuarioId") values ('df110cec-cc25-43d0-96bd-e9cd8a91ecc0', '2023-01-14', '69ce9d9e-7a00-4628-9ec8-84ec3db96264', '69c57272-ec4f-4006-b67e-79d81db14395');
insert into public.contrato_entity (id, fecha, "ofertaId", "usuarioId") values ('c54b4899-8fb5-4b83-92d0-47aaffbcfdbb', '2022-07-18', '10e41fdf-57f0-4ab4-ac3a-2e39fde2da9c', '165de994-fdc6-4a9f-bbd6-7b012a19bc48');
insert into public.contrato_entity (id, fecha, "ofertaId", "usuarioId") values ('0dd2bd11-001b-409f-8199-ac5655e0db00', '2023-04-18', '181f8346-33eb-4428-b1a8-b00bc6200f83', 'ad9f0c0c-d37c-4daa-a998-c66a5e5dc056');
insert into public.contrato_entity (id, fecha, "ofertaId", "usuarioId") values ('822153b3-302c-4ceb-ab92-21dd64b00665', '2022-07-02', '39397b84-47d3-4ed8-aee6-5737152b8fa9', '4a61e295-a9e6-4ae2-9c69-8cc6398ca89b');
insert into public.contrato_entity (id, fecha, "ofertaId", "usuarioId") values ('2e049cf3-b2f2-40f8-a4ac-2d9ba76014e1', '2022-09-06', '4009955e-13f5-4b84-b739-8a090f88acdf', 'f1917995-3771-463b-b1f8-1f0d94fda0b2');
insert into public.contrato_entity (id, fecha, "ofertaId", "usuarioId") values ('a6573ef7-fc5e-4bb5-ac84-bbd54f7261e4', '2022-07-22', '9a5cb8da-8f63-4524-b9bd-e0b4115db85f', '68b9a0ad-4088-4bdc-841f-2f9643fb4358');
insert into public.contrato_entity (id, fecha, "ofertaId", "usuarioId") values ('928b6f99-88a8-4481-8cbd-03406df043f9', '2023-04-25', 'b535d021-c771-4ab9-8785-a6732077cc73', '69c57272-ec4f-4006-b67e-79d81db14395');
insert into public.contrato_entity (id, fecha, "ofertaId", "usuarioId") values ('e193f05a-03d1-44e7-b8f9-99595b55665e', '2022-09-19', '525d8190-e1ea-47bf-a864-c54720055a7d', 'db62686b-8bd0-4ede-a398-4eb240f161b5');